{"cameraMode":{"drawMode":0,"name":"Shaded","section":"Shading Mode"},"sceneLighting":true,"audioPlay":false,"sceneViewState":{"showFog":false,"showMaterialUpdate":false,"showSkybox":false,"showFlares":false,"showImageEffects":false,"showParticleSystems":false},"in2DMode":false,"pivot":{"x":-19.831111907958986,"y":0.5549386143684387,"z":12.909087181091309},"rotation":{"x":0.19405323266983033,"y":-0.6685910224914551,"z":0.1872013807296753,"w":0.6930813193321228},"size":2.2392303943634035,"orthographic":false}