{"cameraMode":{"drawMode":0,"name":"Shaded","section":"Shading Mode"},"sceneLighting":true,"audioPlay":false,"sceneViewState":{"showFog":false,"showMaterialUpdate":false,"showSkybox":false,"showFlares":false,"showImageEffects":false,"showParticleSystems":false},"in2DMode":false,"pivot":{"x":-3.6564297676086427,"y":-0.5593380331993103,"z":-40.26153564453125},"rotation":{"x":-0.006973636336624622,"y":-0.9910195469856262,"z":0.12100466340780258,"w":-0.0571657195687294},"size":3.087977409362793,"orthographic":false}