{"cameraMode":{"drawMode":0,"name":"Shaded","section":"Shading Mode"},"sceneLighting":false,"audioPlay":false,"sceneViewState":{"showFog":true,"showMaterialUpdate":false,"showSkybox":false,"showFlares":true,"showImageEffects":true,"showParticleSystems":true},"in2DMode":false,"pivot":{"x":-2.2129979133605959,"y":1.3517206907272339,"z":3.2445626258850099},"rotation":{"x":-0.08605495095252991,"y":-0.8686337471008301,"z":0.16237124800682069,"w":-0.460195392370224},"size":4.331276893615723,"orthographic":false}