{"cameraMode":{"drawMode":0,"name":"Shaded","section":"Shading Mode"},"sceneLighting":true,"audioPlay":false,"sceneViewState":{"showFog":false,"showMaterialUpdate":false,"showSkybox":false,"showFlares":false,"showImageEffects":false,"showParticleSystems":false},"in2DMode":false,"pivot":{"x":47.47754669189453,"y":12.176864624023438,"z":50.30039596557617},"rotation":{"x":-0.08268660306930542,"y":-0.8819654583930969,"z":0.1687140166759491,"w":-0.43224799633026125},"size":17.041072845458986,"orthographic":false}