{"cameraMode":{"drawMode":0,"name":"Shaded","section":"Shading Mode"},"sceneLighting":true,"audioPlay":false,"sceneViewState":{"showFog":false,"showMaterialUpdate":false,"showSkybox":false,"showFlares":false,"showImageEffects":false,"showParticleSystems":false},"in2DMode":false,"pivot":{"x":-0.012453094124794007,"y":1.4818601608276368,"z":-0.30776798725128176},"rotation":{"x":-0.004975791089236736,"y":-0.9935033917427063,"z":0.04772356525063515,"w":-0.10350237786769867},"size":1.1305134296417237,"orthographic":false}